record_id,authors_full,title,year,venue,type,doi,url,publisher,source_system,ApproachClass,ApproachSubClass,ModelTarget,LanguageOrMechanism,Typing_Node,Typing_Edge,Typing_Property,Cardinality,ValueConstraints,Keys_Uniqueness,ForeignKeys_References,PathConstraints,Recursion,EdgePropertiesSupported,ClosedWorldAssumption,EntailmentRegimeRelevant,FormalSemantics,ComplexityResults,ImplementationAvailable,ArtifactType,CompilationStrategy,EvaluationPresent,EvaluationType,Datasets,Metrics,Scale,Reproducibility,Quality_TheoryScore,Quality_SystemScore,ThreatsReportedByAuthors
S001,"Manouvrier, Maude; Belhajjame, Khalid",Graph functional dependencies: Analysis and translation to PG-schema,2026.0,Information Systems,Article,10.1016/j.is.2025.102633,https://doi.org/10.1016/j.is.2025.102633,,Scopus,C-Dependencies,FD-to-PG-Schema,GeneralGraph/PG,GFD/FD,Partial,Partial,Partial,Partial,Partial,Y,Partial,Partial,N,Partial,CWA,,Yes,Yes,NotSpecified,NotProvided,NotSpecified,No,NotSpecified,NotSpecified,NotSpecified,NotSpecified,Medium,2,0,NotSpecified
S002,"Mäkelburg, Johannes; Zacouris, Zenon; Ke, Jin; Acosta, Maribel",SHACL Dashboard: Analyzing Data Quality Reports Over Large-Scale Knowledge Graphs,2026.0,Lecture Notes in Computer Science,Conference paper,10.1007/978-3-032-09530-5_6,https://doi.org/10.1007/978-3-032-09530-5_6,,Scopus,B-Shapes,SHACL,RDF,SHACL,Y,Partial,Y,Y,Y,Partial,Partial,Y,Partial,Partial,Mixed,Partial,Partial,Partial,Partial,NotProvided,NotSpecified,Yes,Demo,NotSpecified,NotSpecified,NotSpecified,Medium,0,0,NotSpecified
S003,"Göpfert, Christoph; Samuel, Sheeba; Gaedke, Martin",ShEx2SPARQL: Translating Shape Expressions into SPARQL Queries,2026.0,Lecture Notes in Computer Science,Conference paper,10.1007/978-3-031-97207-2_16,https://doi.org/10.1007/978-3-031-97207-2_16,,Scopus,B-Shapes,ShEx,RDF,ShEx,Y,Partial,Y,Y,Y,N,N,N,Y,Partial,CWA,Partial,Partial,Partial,Partial,NotProvided,CompileToQueries,No,NotSpecified,NotSpecified,NotSpecified,NotSpecified,Medium,0,0,NotSpecified
S004,"Tomaszuk, Dominik; Labra Gayo, Jose Emilio",On Property Constraints in PG-Schema,2025.0,K-CAP 2025 - Proceedings of the 13th Knowledge Capture Conference 2025,Conference paper,10.1145/3731443.3771349,https://doi.org/10.1145/3731443.3771349,,Scopus,B-Constraints,PG-Schema,PG,PG-Schema,Y,Y,Y,Y,Partial,Partial,Partial,N,N,Y,CWA,,NotSpecified,NotSpecified,NotSpecified,NotProvided,NotSpecified,No,NotSpecified,NotSpecified,NotSpecified,NotSpecified,Medium,1,0,NotSpecified
S005,"Ruckhaus, Edna; Toledo, Jhon; Martínez-Sarmiento, Edgar Alexis; Corcho, Oscar",Lessons Learned from the Combined Development of OWL and SHACL,2025.0,K-CAP 2025 - Proceedings of the 13th Knowledge Capture Conference 2025,Conference paper,10.1145/3731443.3771340,https://doi.org/10.1145/3731443.3771340,,Scopus,A-Semantic,OWL/RDFS,RDF,OWL/RDFS,Y,Partial,Partial,Partial,Partial,Partial,N,Partial,Partial,N,OWA,OWL/RDFS,Yes,Yes,Partial,NotProvided,NotApplicable,No,NotSpecified,NotSpecified,NotSpecified,NotSpecified,Medium,0,0,NotSpecified
S006,"Rutesic, Petko; Pfisterer, Dennis; Paulheim, Heiko; Fischer, Stefan",Transforming SHACL Shape Graphs into HTML Applications for Populating Knowledge Graphs,2025.0,Digital,Article,10.3390/digital5040056,https://doi.org/10.3390/digital5040056,,Scopus,B-Shapes,SHACL,RDF,SHACL,Y,Partial,Y,Y,Y,Partial,Partial,Y,Partial,Partial,Mixed,Partial,Partial,Partial,Yes,Prototype,CompileToQueries,Yes,Demo,NotSpecified,NotSpecified,NotSpecified,Medium,0,2,NotSpecified
S007,"Mione, Federico M.; Luna, Martin F.; Kaspersetz, Lucas; Neubauer, Peter; Martínez, Ernesto Carlos; Cruz-Bournazou, Mariano Nicolás","A property graph schema for automated metadata capture, reproducibility and knowledge discovery in high-throughput bioprocess development",2025.0,Digital Discovery,Article,10.1039/d5dd00070j,https://doi.org/10.1039/d5dd00070j,,Scopus,B-Constraints,PG-Schema,PG,PG-Schema,Y,Y,Y,Y,Partial,Partial,Partial,N,N,Y,CWA,,NotSpecified,NotSpecified,NotSpecified,NotProvided,NotSpecified,No,NotSpecified,NotSpecified,NotSpecified,NotSpecified,Medium,1,0,NotSpecified
S008,"Thornton, Katherine; Seals-Nutt, Kenneth; Chen, Anne Hunnell",Encoding Archaeological Data Models as Wikidata Schemas: Utilizing Shape Expressions to Structure Collaborative Linked Open Data for Digital Storytelling Within the International Dura-Europos Archive,2025.0,"International Journal of Technology, Knowledge and Society",Article,10.18848/1832-3669/cgp/v21i01/69-83,https://doi.org/10.18848/1832-3669/cgp/v21i01/69-83,,Scopus,B-Shapes,ShEx,RDF,ShEx,Y,Partial,Y,Y,Y,N,N,N,Y,Partial,CWA,Partial,Partial,Partial,Partial,NotProvided,NotSpecified,No,NotApplicable,NotSpecified,NotSpecified,NotSpecified,Medium,1,0,NotSpecified
S009,"Chanthatrojwong, Kasidis; Bhowmick, Sourav S.; Choi, Byron Koon Kau",PASCAL: A Theory-Informed Visual Interface for Property Graph Schema Visualization,2025.0,Proceedings of the ACM SIGMOD International Conference on Management of Data,Conference paper,10.1145/3722212.3725123,https://doi.org/10.1145/3722212.3725123,,Scopus,B-Constraints,PG-Schema,PG,PG-Schema,Y,Y,Y,Y,Partial,Partial,Partial,N,N,Y,CWA,,NotSpecified,NotSpecified,NotSpecified,NotProvided,NotSpecified,Yes,Demo,NotSpecified,NotSpecified,NotSpecified,Medium,2,2,NotSpecified
S010,"Ahmetaj, Shqiponja; Boneva, Iovka; Hidders, Jan; Hose, Katja; Jakubowski, Maxime; Labra Gayo, Jose Emilio; Martens, Wim; Mogavero, Fabio; Murlak, Filip; Okulmus, Cem; Polleres, Axel Florian; Savković, Ognjen; Šimkus, Mantas; Tomaszuk, Dominik","Common Foundations for SHACL, ShEx, and PG-Schema",2025.0,WWW 2025 - Proceedings of the ACM Web Conference,Conference paper,10.1145/3696410.3714694,https://doi.org/10.1145/3696410.3714694,,Scopus,B-Shapes,SHACL,RDF,SHACL,Y,Partial,Y,Y,Y,Partial,Partial,Y,Partial,Partial,Mixed,Partial,Partial,Partial,Partial,NotProvided,NotSpecified,No,NotApplicable,NotSpecified,NotSpecified,NotSpecified,Medium,2,0,NotSpecified
S011,"Duan, Xuemin; Chaves-Fraga, David; Dimou, Anastasia",SCOOP-UI: SHACL Shape Extraction in Just a Click!,2025.0,Lecture Notes in Computer Science (including subseries Lecture Notes in Artificial Intelligence and Lecture Notes in Bioinformatics),Conference paper,10.1007/978-3-031-78952-6_26,https://doi.org/10.1007/978-3-031-78952-6_26,,Scopus,B-Shapes,SHACL,RDF,SHACL,Y,Partial,Y,Y,Y,Partial,Partial,Y,Partial,Partial,Mixed,Partial,Partial,Partial,Yes,Prototype,NotSpecified,Yes,Demo,NotSpecified,NotSpecified,NotSpecified,Medium,0,2,NotSpecified
S012,"Mäkelburg, Johannes; Zacouris, Zenon; Ke, Jin; Acosta, Maribel",Interactive Analysis of Knowledge Graph Validation Results with the SHACL Dashboard,2025.0,CEUR Workshop Proceedings,Conference paper,,https://www.scopus.com/inward/record.uri?eid=2-s2.0-105022444248&partnerID=40&md5=69eefaccae1419a4c2148efe77ab15cf,,Scopus,B-Shapes,SHACL,RDF,SHACL,Y,Partial,Y,Y,Y,Partial,Partial,Y,Partial,Partial,Mixed,Partial,Partial,Partial,Yes,NotProvided,NotSpecified,Yes,Demo,NotSpecified,NotSpecified,NotSpecified,Medium,2,0,NotSpecified
S013,"Reiz, Achim; Dibowski, Henrik; Gonzales, Irlan Grangel; Ekaputra, Fajar J.; Sandkuhl, Kurt",SHACLEval – A Quality Framework for the Shapes Constraint Language,2025.0,CEUR Workshop Proceedings,Conference paper,,https://www.scopus.com/inward/record.uri?eid=2-s2.0-105019647042&partnerID=40&md5=76601e25d376cd08d606caccc5f96b4c,,Scopus,B-Shapes,SHACL,RDF,SHACL,Y,Partial,Y,Y,Y,Partial,Partial,Y,Partial,Partial,Mixed,Partial,Partial,Partial,Yes,Prototype,NotSpecified,Yes,Demo,NotSpecified,NotSpecified,NotSpecified,Medium,2,2,NotSpecified
S014,"Zhai, Kexin; Yuan, Jingshu; Li, Wu; Yuan, Man",Research on Mapping Rules of MDR2023 Meta-Model to OWL and Its Application in Ontology Generation in the Petroleum Field,2025.0,"2025 10th International Conference on Intelligent Computing and Signal Processing, ICSP 2025",Conference paper,10.1109/icsp65755.2025.11086887,https://doi.org/10.1109/icsp65755.2025.11086887,,Scopus,A-Semantic,OWL/RDFS,RDF,OWL/RDFS,Y,Partial,Partial,Partial,Partial,Partial,N,Partial,Partial,N,OWA,OWL/RDFS,Yes,Yes,Partial,NotProvided,NotApplicable,Yes,Demo,NotSpecified,NotSpecified,NotSpecified,Medium,0,2,NotSpecified
S015,"David, Robert; Ahmeti, Albin; Bushati, Geni; Tauqeer, Amar; Fensel, Anna",A SHACL-based Data Consistency Solution for Contract Compliance Verification,2025.0,CEUR Workshop Proceedings,Conference paper,,https://www.scopus.com/inward/record.uri?eid=2-s2.0-105008490546&partnerID=40&md5=62677dda7b8fa19d0fa30a3736cb6fb1,,Scopus,B-Shapes,SHACL,RDF,SHACL,Y,Partial,Y,Y,Y,Partial,Partial,Y,Partial,Partial,Mixed,Partial,Partial,Partial,Partial,NotProvided,NotSpecified,No,NotSpecified,NotSpecified,NotSpecified,NotSpecified,Medium,0,0,NotSpecified
S016,"Ballout, Ali; Pereira, Célia Da Costa; Tettamanzi, Andrea G. B.",OCASP OWL Class Axiom Score Predictor with Active Learning,2025.0,Lecture Notes in Computer Science,Conference paper,10.1007/978-3-031-87327-0_19,https://doi.org/10.1007/978-3-031-87327-0_19,,Scopus,A-Semantic,OWL/RDFS,RDF,OWL/RDFS,Y,Partial,Partial,Partial,Partial,Partial,N,Partial,Partial,N,OWA,OWL/RDFS,Yes,Yes,Partial,NotProvided,NotApplicable,No,NotSpecified,NotSpecified,NotSpecified,NotSpecified,Medium,0,0,NotSpecified
S017,"David, Robert; Ahmeti, Albin; Ahmetaj, Shqiponja; Polleres, Axel Florian",OWLstrict: A Constrained OWL Fragment to Avoid Ambiguities for Knowledge Graph Practitioners,2025.0,Lecture Notes in Computer Science,Conference paper,10.1007/978-3-031-94578-6_3,https://doi.org/10.1007/978-3-031-94578-6_3,,Scopus,A-Semantic,OWL/RDFS,RDF,OWL/RDFS,Y,Partial,Partial,Partial,Partial,Partial,N,Partial,Partial,N,OWA,OWL/RDFS,Yes,Yes,Partial,NotProvided,NotApplicable,Yes,Demo,NotSpecified,NotSpecified,NotSpecified,Medium,0,2,NotSpecified
S018,"Shimomura, Larissa Capobianco; Yakovets, Nikolay; Fletcher, George H.L.",Discovering Graph Generating Dependencies for Property Graph Profiling,2024.0,"International Conference on Information and Knowledge Management, Proceedings",Conference paper,10.1145/3627673.3679764,https://doi.org/10.1145/3627673.3679764,,Scopus,C-Dependencies,GGDs,GeneralGraph/PG,GGDs,Partial,Partial,Partial,Partial,Partial,Partial,Partial,Y,N,Y,CWA,,Yes,Partial,NotSpecified,NotProvided,NotSpecified,No,NotSpecified,NotSpecified,NotSpecified,NotSpecified,Medium,1,0,NotSpecified
S019,"Grant, John; Parisi, Francesco",On measuring inconsistency in graph databases with regular path constraints,2024.0,Artificial Intelligence,Article,10.1016/j.artint.2024.104197,https://doi.org/10.1016/j.artint.2024.104197,,Scopus,B-Constraints,Unspecified,Unknown,Unspecified,Y,Y,Y,Y,Partial,Partial,Partial,Partial,N,Y,CWA,,NotSpecified,NotSpecified,NotSpecified,NotProvided,NativeConstraints,No,NotSpecified,NotSpecified,NotSpecified,NotSpecified,Medium,1,0,NotSpecified
S020,"Shimomura, Larissa Capobianco; Yakovets, Nikolay; Fletcher, George H.L.",Reasoning on property graphs with graph generating dependencies,2024.0,Information Sciences,Article,10.1016/j.ins.2024.120675,https://doi.org/10.1016/j.ins.2024.120675,,Scopus,C-Dependencies,GGDs,GeneralGraph/PG,GGDs,Partial,Partial,Partial,Partial,Partial,Partial,Partial,Y,N,Y,CWA,,Yes,Partial,NotSpecified,NotProvided,NotSpecified,No,NotSpecified,NotSpecified,NotSpecified,NotSpecified,Medium,1,0,NotSpecified
S021,"Fernandez-Alvarez, Daniel; Yamamoto, Yasunori; Labra Gayo, Jose Emilio; Waagmeester, Andra S.",Extracting shapes from large RDF data collections,2024.0,CEUR Workshop Proceedings,Conference paper,,https://www.scopus.com/inward/record.uri?eid=2-s2.0-85214878952&partnerID=40&md5=fbae1804da9d6bd25eacec3c0f606e9d,,Scopus,B-Constraints,RDFConstraints,RDF,RDFConstraints,Y,Y,Y,Y,Partial,Partial,Partial,N,N,Y,CWA,,NotSpecified,NotSpecified,NotSpecified,NotProvided,NotSpecified,No,NotSpecified,NotSpecified,NotSpecified,NotSpecified,Medium,0,0,NotSpecified
S022,"Ahmetaj, Shqiponja; Merkl, Timo Camillo; Pichler, Reinhard",Consistent Query Answering over SHACL Constraints,2024.0,Proceedings of the International Conference on Knowledge Representation and Reasoning,Conference paper,,https://www.scopus.com/inward/record.uri?eid=2-s2.0-85214708147&partnerID=40&md5=da522bbfb4710dac5f1ec327cb0f0904,,Scopus,B-Shapes,SHACL,RDF,SHACL,Y,Partial,Y,Y,Y,Partial,Partial,Y,Partial,Partial,Mixed,Partial,Yes,Partial,Partial,NotProvided,NotSpecified,No,NotSpecified,NotSpecified,NotSpecified,NotSpecified,Medium,1,0,NotSpecified
S023,"Okulmus, Cem; Šimkus, Mantas",SHACL Validation under the Well-founded Semantics,2024.0,Proceedings of the International Conference on Knowledge Representation and Reasoning,Conference paper,,https://www.scopus.com/inward/record.uri?eid=2-s2.0-85214698482&partnerID=40&md5=303941cc811a6c3036398af05b8c9e51,,Scopus,B-Shapes,SHACL,RDF,SHACL,Y,Partial,Y,Y,Y,Partial,Partial,Y,Partial,Partial,Mixed,Partial,Yes,Partial,Yes,NotProvided,NotSpecified,No,NotApplicable,NotSpecified,NotSpecified,NotSpecified,Medium,2,0,NotSpecified
S024,"Ke, Jin; Zacouris, Zenon; Acosta, Maribel",Efficient Validation of SHACL Shapes with Reasoning,2024.0,Proceedings of the VLDB Endowment,Conference paper,10.14778/3681954.3682023,https://doi.org/10.14778/3681954.3682023,,Scopus,B-Shapes,SHACL,RDF,SHACL,Y,Partial,Y,Y,Y,Partial,Partial,Y,Partial,Partial,Mixed,Partial,Partial,Partial,Yes,NotProvided,Hybrid,Yes,Experiment,NotSpecified,NotSpecified,NotSpecified,Medium,1,2,NotSpecified
S025,"Dao, Davan Chiem; Debruyne, Christophe",Data Leakage and Validation Bypass in SHACL,2024.0,CEUR Workshop Proceedings,Conference paper,,https://www.scopus.com/inward/record.uri?eid=2-s2.0-85204737746&partnerID=40&md5=1b97a240eb500477b6cda9773cae19d7,,Scopus,B-Shapes,SHACL,RDF,SHACL,Y,Partial,Y,Y,Y,Partial,Partial,Y,Partial,Partial,Mixed,Partial,Partial,Partial,Yes,NotProvided,NotSpecified,No,NotSpecified,NotSpecified,NotSpecified,NotSpecified,Medium,1,0,NotSpecified
S026,"Bischof, Stefan; Filtz, Erwin; Parreira, Josiane Xavier; Steyskal, Simon; Baumgart, Michael; Gruber, David; Liebetreu, Maximilian; Roetzer, Florian; Strommer, Stephan",Towards SHACL-based Knowledge Graph Transformation of Visual Domain Knowledge,2024.0,CEUR Workshop Proceedings,Conference paper,,https://www.scopus.com/inward/record.uri?eid=2-s2.0-85204700492&partnerID=40&md5=bb32a82f9e9bdc21d720c31413d6b4c0,,Scopus,B-Shapes,SHACL,RDF,SHACL,Y,Partial,Y,Y,Y,Partial,Partial,Y,Partial,Partial,Mixed,Partial,Partial,Partial,Yes,Prototype,CompileToQueries,No,NotSpecified,NotSpecified,NotSpecified,NotSpecified,Medium,0,0,NotSpecified
S027,"Manouvrier, Maude; Belhajjame, Khalid",PG-FD: Mapping Functional Dependencies to the Future Property Graph Schema Standard,2024.0,Lecture Notes in Computer Science (including subseries Lecture Notes in Artificial Intelligence and Lecture Notes in Bioinformatics),Conference paper,10.1007/978-3-031-70626-4_4,https://doi.org/10.1007/978-3-031-70626-4_4,,Scopus,C-Dependencies,GFD/FD,GeneralGraph/PG,GFD/FD,Partial,Partial,Partial,Partial,Partial,Y,Partial,Partial,N,Y,CWA,,Yes,Partial,NotSpecified,NotProvided,NotSpecified,No,NotSpecified,NotSpecified,NotSpecified,NotSpecified,Medium,1,0,NotSpecified
S028,"Labra Gayo, Jose Emilio",Extending Shape Expressions for different types of knowledge graphs,2024.0,CEUR Workshop Proceedings,Conference paper,,https://www.scopus.com/inward/record.uri?eid=2-s2.0-85203346466&partnerID=40&md5=5dae2d874425bba0bb6c06eab06d11cb,,Scopus,B-Shapes,ShEx,RDF,ShEx,Y,Partial,Y,Y,Y,N,N,N,Y,Partial,CWA,Partial,Partial,Partial,Partial,NotProvided,NotSpecified,No,NotSpecified,NotSpecified,NotSpecified,NotSpecified,Medium,0,0,NotSpecified
S029,"Barret, Nelly; Enache, Tudor; Manolescu, Ioana; Mohanty, Madhulika",Finding the PG schema of any (semi)structured dataset: a tale of graphs and abstraction,2024.0,"Proceedings - 2024 IEEE 40th International Conference on Data Engineering Workshops, ICDEW 2024",Conference paper,10.1109/icdew61823.2024.00055,https://doi.org/10.1109/icdew61823.2024.00055,,Scopus,B-Constraints,PG-Schema,PG,PG-Schema,Y,Y,Y,Y,Partial,Partial,Partial,N,N,Y,CWA,,NotSpecified,NotSpecified,NotSpecified,NotProvided,NotSpecified,No,NotSpecified,NotSpecified,NotSpecified,NotSpecified,Medium,1,0,NotSpecified
S030,"Sharma, Deepak Kumar; Prud'Hommeaux, Eric Gordon; Booth, David; Nanjo, Claude J.; Jiang, Guoqian",Shape Expressions (ShEx) schemas for the FHIR R5 specification,2023.0,Journal of Biomedical Informatics,Article,10.1016/j.jbi.2023.104534,https://doi.org/10.1016/j.jbi.2023.104534,,Scopus,B-Shapes,ShEx,RDF,ShEx,Y,Partial,Y,Y,Y,N,N,N,Y,Partial,CWA,Partial,Partial,Partial,Partial,NotProvided,NotSpecified,No,NotSpecified,NotSpecified,NotSpecified,NotSpecified,Medium,1,0,NotSpecified
S031,"He, Zhenzhen; Yu, Jiong; Gu, Tiquan; Li, Zhe; Du, Xusheng; Li, Ping",Query cost estimation in graph databases via emphasizing query dependencies by using a neural reasoning network,2023.0,Concurrency and Computation: Practice and Experience,Article,10.1002/cpe.7817,https://doi.org/10.1002/cpe.7817,,Scopus,B-Constraints,Unspecified,Unknown,Unspecified,Y,Y,Y,Y,Partial,Partial,Partial,N,N,Y,CWA,,NotSpecified,NotSpecified,NotSpecified,NotProvided,NativeConstraints,No,NotSpecified,NotSpecified,NotSpecified,NotSpecified,Medium,1,0,NotSpecified
S032,"Turki, Houcemeddine; Hadj Taieb, Mohamed Ali; Chebil, Khalil; Ben Aouicha, Mohamed; Rasberry, Lane; Mietchen, Daniel",Automating the use of Shape Expressions for the validation of semantic knowledge in Wikidata,2023.0,CEUR Workshop Proceedings,Conference paper,,https://www.scopus.com/inward/record.uri?eid=2-s2.0-85185893919&partnerID=40&md5=c53bcd3c2f70b9b87fafaa6b3ad59f7b,,Scopus,B-Shapes,ShEx,RDF,ShEx,Y,Partial,Y,Y,Y,N,N,N,Y,Partial,CWA,Partial,Partial,Partial,Yes,NotProvided,NotSpecified,No,NotSpecified,NotSpecified,NotSpecified,NotSpecified,Medium,1,0,NotSpecified
S033,"Préstamo, Ángel Iglesias; Gayo, José Emilio Labra",Using Pregel to Create Knowledge Graphs Subsets Described by Non-recursive Shape Expressions,2023.0,Lecture Notes in Computer Science (including subseries Lecture Notes in Artificial Intelligence and Lecture Notes in Bioinformatics),Conference paper,10.1007/978-3-031-47745-4_10,https://doi.org/10.1007/978-3-031-47745-4_10,,Scopus,B-Shapes,ShEx,RDF,ShEx,Y,Partial,Y,Y,Y,N,N,N,Y,Partial,CWA,Partial,Partial,Partial,Partial,NotProvided,NotSpecified,No,NotSpecified,NotSpecified,NotSpecified,NotSpecified,Medium,0,0,NotSpecified
S034,"Rohde, Philipp D.; Iglesias, Enrique; Vidal, María Esther",SHACL-ACL: Access Control with SHACL,2023.0,Lecture Notes in Computer Science (including subseries Lecture Notes in Artificial Intelligence and Lecture Notes in Bioinformatics),Conference paper,10.1007/978-3-031-43458-7_4,https://doi.org/10.1007/978-3-031-43458-7_4,,Scopus,B-Shapes,SHACL,RDF,SHACL,Y,Partial,Y,Y,Y,Partial,Partial,Y,Partial,Partial,Mixed,Partial,Partial,Partial,Partial,NotProvided,NotSpecified,No,NotSpecified,NotSpecified,NotSpecified,NotSpecified,Medium,0,0,NotSpecified
S035,"Paciello, R.; Trani, Luca; Bailo, Daniele; Vinciarelli, Valerio; Sbarra, Manuela",SHAPEness: A SHACL-Driven Metadata Editor,2023.0,Communications in Computer and Information Science,Conference paper,10.1007/978-3-031-39141-5_23,https://doi.org/10.1007/978-3-031-39141-5_23,,Scopus,B-Shapes,SHACL,RDF,SHACL,Y,Partial,Y,Y,Y,Partial,Partial,Y,Partial,Partial,Mixed,Partial,Partial,Partial,Partial,NotProvided,NotSpecified,No,NotSpecified,NotSpecified,NotSpecified,NotSpecified,Medium,0,0,NotSpecified
S036,"Bonifati, Angela",The Quest for Schemas in Graph Databases,2023.0,CEUR Workshop Proceedings,Conference paper,,https://www.scopus.com/inward/record.uri?eid=2-s2.0-85153346024&partnerID=40&md5=0dc829d96ff3321def83797208204e25,,Scopus,B-Constraints,GraphSchema,PG/GraphDB,GraphSchema,Y,Y,Y,Y,Partial,Partial,Partial,N,N,Y,CWA,,NotSpecified,NotSpecified,NotSpecified,NotProvided,NativeConstraints,No,NotSpecified,NotSpecified,NotSpecified,NotSpecified,Medium,1,0,NotSpecified
S037,"Omran, Pouya Ghiasnezhad; Taylor, Kerry L.; Rodríguez Méndez, Sergio José; Haller, Armin",Learning SHACL shapes from knowledge graphs,2022.0,Semantic Web,Article,10.3233/sw-223063,https://doi.org/10.3233/sw-223063,,Scopus,B-Shapes,SHACL,RDF,SHACL,Y,Partial,Y,Y,Y,Partial,Partial,Y,Partial,Partial,Mixed,Partial,Partial,Partial,Partial,NotProvided,NotSpecified,No,NotSpecified,NotSpecified,NotSpecified,NotSpecified,Medium,0,0,NotSpecified
S038,"Rabbani, Kashif; Lissandrini, Matteo; Hose, Katja",SHACL and ShEx in the Wild: A Community Survey on Validating Shapes Generation and Adoption,2022.0,WWW 2022 - Companion Proceedings of the Web Conference 2022,Conference paper,10.1145/3487553.3524253,https://doi.org/10.1145/3487553.3524253,,Scopus,B-Shapes,SHACL,RDF,SHACL,Y,Partial,Y,Y,Y,Partial,Partial,Y,Partial,Partial,Mixed,Partial,Partial,Partial,Partial,NotProvided,NotSpecified,No,NotApplicable,NotSpecified,NotSpecified,NotSpecified,Medium,1,0,NotSpecified
S039,"Sharma, Chandan; Sinha, Roopak",FLASc: a formal algebra for labeled property graph schema,2022.0,Automated Software Engineering,Article,10.1007/s10515-022-00336-y,https://doi.org/10.1007/s10515-022-00336-y,,Scopus,B-Constraints,PG-Schema,PG,PG-Schema,Y,Y,Y,Y,Partial,Partial,Partial,N,N,Y,CWA,,NotSpecified,NotSpecified,NotSpecified,NotProvided,NotSpecified,No,NotSpecified,NotSpecified,NotSpecified,NotSpecified,Medium,1,0,NotSpecified
S040,"Li, Bingke; Yong, Sun; Yu, Bihui",A RDF Validation Tool Extended On Jena-ShEx,2022.0,"2022 IEEE 8th International Conference on Computer and Communications, ICCC 2022",Conference paper,10.1109/iccc56324.2022.10065855,https://doi.org/10.1109/iccc56324.2022.10065855,,Scopus,B-Shapes,ShEx,RDF,ShEx,Y,Partial,Y,Y,Y,N,N,N,Y,Partial,CWA,Partial,Partial,Partial,Yes,Prototype,NotSpecified,Yes,Demo,NotSpecified,NotSpecified,NotSpecified,Medium,2,2,NotSpecified
S041,"Shimomura, Larissa Capobianco",Graph Profiling with Graph Generating Dependencies,2022.0,CEUR Workshop Proceedings,Conference paper,,https://www.scopus.com/inward/record.uri?eid=2-s2.0-85137140192&partnerID=40&md5=9dc47eb0d103b9409428d4ed1362f6a7,,Scopus,C-Dependencies,GGDs,GeneralGraph/PG,GGDs,Partial,Partial,Partial,Partial,Partial,Partial,Partial,Y,N,Partial,CWA,,Yes,Partial,NotSpecified,NotProvided,NotSpecified,No,NotSpecified,NotSpecified,NotSpecified,NotSpecified,Medium,1,0,NotSpecified
S042,"Zhu, Rui; Shimizu, Cogan Matthew; Stephen, Shirly; Zhou, Lu; Cai, Ling; Mai, Gengchen; Janowicz, Krzysztof W.; Schildhauer, Mark P.; Hitzler, Pascal Al","SOSA-SHACL: Shapes Constraint for the Sensor, Observation, Sample, and Actuator Ontology",2021.0,ACM International Conference Proceeding Series,Conference paper,10.1145/3502223.3502235,https://doi.org/10.1145/3502223.3502235,,Scopus,B-Shapes,SHACL,RDF,SHACL,Y,Partial,Y,Y,Y,Partial,Partial,Y,Partial,Partial,Mixed,Partial,Partial,Partial,Partial,NotProvided,NotSpecified,No,NotSpecified,NotSpecified,NotSpecified,NotSpecified,Medium,1,0,NotSpecified
S043,"Figuera, Monica; Rohde, Philipp D.; Vidal, María Esther",Trav-SHACL: Efficiently validating networks of SHACL constraints,2021.0,"The Web Conference 2021 - Proceedings of the World Wide Web Conference, WWW 2021",Conference paper,10.1145/3442381.3449877,https://doi.org/10.1145/3442381.3449877,,Scopus,B-Shapes,SHACL,RDF,SHACL,Y,Partial,Y,Y,Y,Partial,Partial,Y,Partial,Partial,Mixed,Partial,Partial,Partial,Yes,NotProvided,NotSpecified,Yes,Experiment,NotSpecified,NotSpecified,NotSpecified,Medium,1,2,NotSpecified
S044,"Miranda Reina, Fabio; Huf, Alexis; Presser, Daniel; Siqueira, Frank Augusto",Extending the Integrity Constraint Support in a Graph Database,2021.0,IEEE Latin America Transactions,Article,10.1109/tla.2021.9448543,https://doi.org/10.1109/tla.2021.9448543,,Scopus,C-Dependencies,IntegrityConstraints,GeneralGraph/PG,IntegrityConstraints,Partial,Partial,Partial,Partial,Partial,Partial,Partial,Partial,N,Partial,CWA,,Partial,Partial,NotSpecified,NotProvided,NotSpecified,No,NotSpecified,NotSpecified,NotSpecified,NotSpecified,Medium,1,0,NotSpecified
S045,"Šestak, Martina; Heričko, Marjan; Welzer Družovec, Tatjana; Turkanović, Muhamed",Applying k-vertex cardinality constraints on a Neo4j graph database,2021.0,Future Generation Computer Systems,Article,10.1016/j.future.2020.09.036,https://doi.org/10.1016/j.future.2020.09.036,,Scopus,B-Constraints,Unspecified,Unknown,Unspecified,Y,Y,Y,Y,Partial,Partial,Partial,N,N,Y,CWA,,NotSpecified,NotSpecified,NotSpecified,NotProvided,NativeConstraints,No,NotSpecified,NotSpecified,NotSpecified,NotSpecified,Medium,1,0,NotSpecified
S046,"Lieber, Sven; De Meester, Ben; Heyvaert, Pieter; Brückmann, Femke; Wambacq, Ruben; Mannens, Erik; Verborgh, Ruben; Dimou, Anastasia",Visual notations for viewing RDF constraints with UnSHACLed,2021.0,Semantic Web,Article,10.3233/sw-210450,https://doi.org/10.3233/sw-210450,,Scopus,B-Constraints,RDFConstraints,RDF,RDFConstraints,Y,Y,Y,Y,Partial,Partial,Partial,N,N,Y,CWA,,NotSpecified,NotSpecified,NotSpecified,NotProvided,NotSpecified,No,NotSpecified,NotSpecified,NotSpecified,NotSpecified,Medium,1,0,NotSpecified
S047,"Rohde, Philipp D.; Vidal, María Esther",SHACL constraint validation during SPARQL query processing,2021.0,CEUR Workshop Proceedings,Conference paper,,https://www.scopus.com/inward/record.uri?eid=2-s2.0-85117054341&partnerID=40&md5=a117d2da05d14f1b4d3c7e4d09d2c7ad,,Scopus,B-Shapes,SHACL,RDF,SHACL,Y,Partial,Y,Y,Y,Partial,Partial,Y,Partial,Partial,Mixed,Partial,Partial,Partial,Yes,NotProvided,CompileToQueries,No,NotSpecified,NotSpecified,NotSpecified,NotSpecified,Medium,1,0,NotSpecified
S048,"Wang, Yanling; Wang, Xin; Liu, Baozhu",Incremental Validation of RDF Graphs,2021.0,Lecture Notes in Computer Science (including subseries Lecture Notes in Artificial Intelligence and Lecture Notes in Bioinformatics),Conference paper,10.1007/978-3-030-87571-8_31,https://doi.org/10.1007/978-3-030-87571-8_31,,Scopus,B-Constraints,RDFConstraints,RDF,RDFConstraints,Y,Y,Y,Y,Partial,Partial,Partial,N,N,Y,CWA,,NotSpecified,NotSpecified,NotSpecified,NotProvided,NotSpecified,No,NotSpecified,NotSpecified,NotSpecified,NotSpecified,Medium,1,0,NotSpecified
S049,"Angles, Renzo; Bonifati, Angela; Dumbrava, Stefania; Fletcher, George H.L.; Hare, Keith W.; Hidders, Jan; Lee, Victor E.; Li, Bei; Libkin, Leonid O.; Martens, Wim; Murlak, Filip; Perryman, Josh; Savković, Ognjen; Schmidt, Michael; Sequeda, Juan Federico; Staworko, Sławek; Tomaszuk, Dominik",PG-Keys: Keys for Property Graphs,2021.0,Proceedings of the ACM SIGMOD International Conference on Management of Data,Conference paper,10.1145/3448016.3457561,https://doi.org/10.1145/3448016.3457561,,Scopus,C-Dependencies,PG-Keys,PG,PG-Keys,Partial,Partial,Partial,Partial,Partial,Y,Partial,Partial,N,Y,CWA,,Yes,Partial,NotSpecified,NotProvided,NotSpecified,No,NotSpecified,NotSpecified,NotSpecified,NotSpecified,Medium,1,0,NotSpecified
S050,"Shimomura, Larissa Capobianco; Fletcher, George H.L.; Yakovets, Nikolay",GGDs: Graph Generating Dependencies,2020.0,"International Conference on Information and Knowledge Management, Proceedings",Conference paper,10.1145/3340531.3412149,https://doi.org/10.1145/3340531.3412149,,Scopus,C-Dependencies,GGDs,GeneralGraph/PG,GGDs,Partial,Partial,Partial,Partial,Partial,Partial,Partial,Y,N,Partial,CWA,,Yes,Partial,NotSpecified,NotProvided,NotSpecified,No,NotSpecified,NotSpecified,NotSpecified,NotSpecified,Medium,1,0,NotSpecified
S051,"Wright, Jesse; Rodríguez Méndez, Sergio José; Haller, Armin; Taylor, Kerry L.; Omran, Pouya Ghiasnezhad",Schímatos: A SHACL-Based Web-Form Generator for Knowledge Graph Editing,2020.0,Lecture Notes in Computer Science (including subseries Lecture Notes in Artificial Intelligence and Lecture Notes in Bioinformatics),Conference paper,10.1007/978-3-030-62466-8_5,https://doi.org/10.1007/978-3-030-62466-8_5,,Scopus,B-Shapes,SHACL,RDF,SHACL,Y,Partial,Y,Y,Y,Partial,Partial,Y,Partial,Partial,Mixed,Partial,Partial,Partial,Partial,NotProvided,NotSpecified,No,NotSpecified,NotSpecified,NotSpecified,NotSpecified,Medium,0,0,NotSpecified
S052,"Wright, Jesse; Rodríguez Méndez, Sergio José; Haller, Armin; Taylor, Kerry L.; Omran, Pouya Ghiasnezhad",On2ts - Typescript generation from OWL ontologies and SHACL,2020.0,CEUR Workshop Proceedings,Conference paper,,https://www.scopus.com/inward/record.uri?eid=2-s2.0-85096234612&partnerID=40&md5=a0031e874d9a8cdb24068bd256eea761,,Scopus,A-Semantic,OWL/RDFS,RDF,OWL/RDFS,Y,Partial,Partial,Partial,Partial,Partial,N,Partial,Partial,N,OWA,OWL/RDFS,Yes,Yes,Partial,NotProvided,NotApplicable,No,NotSpecified,NotSpecified,NotSpecified,NotSpecified,Medium,0,0,NotSpecified
S053,"Omran, Pouya Ghiasnezhad; Taylor, Kerry L.; Rodríguez Méndez, Sergio José; Haller, Armin",Towards SHACL learning from knowledge graphs,2020.0,CEUR Workshop Proceedings,Conference paper,,https://www.scopus.com/inward/record.uri?eid=2-s2.0-85096229605&partnerID=40&md5=463df6e87b0e33d75c8e9800c6a43a23,,Scopus,B-Shapes,SHACL,RDF,SHACL,Y,Partial,Y,Y,Y,Partial,Partial,Y,Partial,Partial,Mixed,Partial,Partial,Partial,Partial,NotProvided,NotSpecified,No,NotSpecified,NotSpecified,NotSpecified,NotSpecified,Medium,0,0,NotSpecified
S054,"Reina, Fábio; Huf, Alexis; Presser, Daniel; Siqueira, Frank Augusto",Modeling and enforcing integrity constraints on graph databases,2020.0,Lecture Notes in Computer Science (including subseries Lecture Notes in Artificial Intelligence and Lecture Notes in Bioinformatics),Conference paper,10.1007/978-3-030-59003-1_18,https://doi.org/10.1007/978-3-030-59003-1_18,,Scopus,C-Dependencies,IntegrityConstraints,GeneralGraph/PG,IntegrityConstraints,Partial,Partial,Partial,Partial,Partial,Partial,Partial,Partial,N,Partial,CWA,,Partial,Partial,NotSpecified,NotProvided,NotSpecified,No,NotSpecified,NotSpecified,NotSpecified,NotSpecified,Medium,1,0,NotSpecified
S055,"Schaffenrath, Robert; Proksch, Daniel; Kopp, Markus; Albasini, Iacopo; Panasiuk, Oleksandra; Fensel, Anna",Benchmark for Performance Evaluation of SHACL Implementations in Graph Databases,2020.0,Lecture Notes in Computer Science (including subseries Lecture Notes in Artificial Intelligence and Lecture Notes in Bioinformatics),Conference paper,10.1007/978-3-030-57977-7_6,https://doi.org/10.1007/978-3-030-57977-7_6,,Scopus,B-Shapes,SHACL,RDF,SHACL,Y,Partial,Y,Y,Y,Partial,Partial,Y,Partial,Partial,Mixed,Partial,Partial,Partial,Yes,NotProvided,NotSpecified,Yes,Benchmark,NotSpecified,NotSpecified,NotSpecified,Medium,1,2,NotSpecified
S056,"Cimmino, Andrea; Fernández-Izquierdo, Alba; García-Castro, Raúl",Astrea: Automatic Generation of SHACL Shapes from Ontologies,2020.0,Lecture Notes in Computer Science (including subseries Lecture Notes in Artificial Intelligence and Lecture Notes in Bioinformatics),Conference paper,10.1007/978-3-030-49461-2_29,https://doi.org/10.1007/978-3-030-49461-2_29,,Scopus,B-Shapes,SHACL,RDF,SHACL,Y,Partial,Y,Y,Y,Partial,Partial,Y,Partial,Partial,Mixed,Partial,Partial,Partial,Partial,NotProvided,NotSpecified,No,NotSpecified,NotSpecified,NotSpecified,NotSpecified,Medium,0,0,NotSpecified
S057,"Bonifati, Angela; Furniss, Peter; Green, Alastair; Harmer, Russ S.; Oshurko, Eugenia; Voigt, Hannes",Schema validation and evolution for graph databases,2019.0,Lecture Notes in Computer Science (including subseries Lecture Notes in Artificial Intelligence and Lecture Notes in Bioinformatics),Conference paper,10.1007/978-3-030-33223-5_37,https://doi.org/10.1007/978-3-030-33223-5_37,,Scopus,B-Constraints,GraphSchema,PG/GraphDB,GraphSchema,Y,Y,Y,Y,Partial,Partial,Partial,N,N,Y,CWA,,NotSpecified,NotSpecified,NotSpecified,NotProvided,NativeConstraints,No,NotSpecified,NotSpecified,NotSpecified,NotSpecified,Medium,1,0,NotSpecified
S058,"Savković, Ognjen; Kharlamov, Evgeny; Lamparter, Steffen",Validation of SHACL constraints over KGs with OWL 2 QL ontologies via rewriting,2019.0,Lecture Notes in Computer Science (including subseries Lecture Notes in Artificial Intelligence and Lecture Notes in Bioinformatics),Conference paper,10.1007/978-3-030-21348-0_21,https://doi.org/10.1007/978-3-030-21348-0_21,,Scopus,A-Semantic,OWL/RDFS,RDF,OWL/RDFS,Y,Partial,Partial,Partial,Partial,Partial,N,Partial,Partial,N,OWA,OWL/RDFS,Yes,Yes,Partial,NotProvided,NotApplicable,No,NotSpecified,NotSpecified,NotSpecified,NotSpecified,Medium,1,0,NotSpecified
S059,"Mihindukulasooriya, Nandana; Rashid, Dr Mohammad Rifat Ahmmad; Rizzo, Giuseppe; García-Castro, Raúl; Corcho, Oscar; Torchiano, Marco",RDF shape induction using knowledge base profiling,2018.0,Proceedings of the ACM Symposium on Applied Computing,Conference paper,10.1145/3167132.3167341,https://doi.org/10.1145/3167132.3167341,,Scopus,B-Constraints,RDFConstraints,RDF,RDFConstraints,Y,Y,Y,Y,Partial,Partial,Partial,N,N,Y,CWA,,NotSpecified,NotSpecified,NotSpecified,NotProvided,NotSpecified,No,NotSpecified,NotSpecified,NotSpecified,NotSpecified,Medium,0,0,NotSpecified
S060,"Fernandez-Alvarez, Daniel; García-González, Herminio; Frey, Johannes; Hellmann, Sebastian; Labra Gayo, Jose Emilio",Inference of latent shape expressions associated to DBpedia ontology,2018.0,CEUR Workshop Proceedings,Conference paper,,https://www.scopus.com/inward/record.uri?eid=2-s2.0-85055350483&partnerID=40&md5=40a4060823f8626e75b4a70bca1527db,,Scopus,B-Shapes,ShEx,RDF,ShEx,Y,Partial,Y,Y,Y,N,N,N,Y,Partial,CWA,Partial,Partial,Partial,Partial,NotProvided,NotSpecified,No,NotSpecified,NotSpecified,NotSpecified,NotSpecified,Medium,0,0,NotSpecified
S061,"Spahiu, Blerina; Maurino, Andrea; Palmonari, Matteo",Towards improving the quality of knowledge graphs with data-driven ontology patterns and SHACL,2018.0,CEUR Workshop Proceedings,Conference paper,,https://www.scopus.com/inward/record.uri?eid=2-s2.0-85053802905&partnerID=40&md5=d748214a238a4714dc9b3347169cc5fa,,Scopus,B-Shapes,SHACL,RDF,SHACL,Y,Partial,Y,Y,Y,Partial,Partial,Y,Partial,Partial,Mixed,Partial,Partial,Partial,Partial,NotProvided,NotSpecified,No,NotSpecified,NotSpecified,NotSpecified,NotSpecified,Medium,0,0,NotSpecified
S062,"Roy-Hubara, Noa; Rokach, Lior; Shapira, Bracha; Shoval, Peretz",Modeling Graph Database Schema,2017.0,IT Professional,Article,10.1109/mitp.2017.4241458,https://doi.org/10.1109/mitp.2017.4241458,,Scopus,B-Constraints,GraphSchema,PG/GraphDB,GraphSchema,Y,Y,Y,Y,Partial,Partial,Partial,N,N,Y,CWA,,NotSpecified,NotSpecified,NotSpecified,NotProvided,NativeConstraints,No,NotSpecified,NotSpecified,NotSpecified,NotSpecified,Medium,1,0,NotSpecified
S063,"Pokorný, Jaroslav; Valenta, Michał; Kovačič, Jiří",Integrity constraints in graph databases,2017.0,Procedia Computer Science,Conference paper,10.1016/j.procs.2017.05.456,https://doi.org/10.1016/j.procs.2017.05.456,,Scopus,C-Dependencies,IntegrityConstraints,GeneralGraph/PG,IntegrityConstraints,Partial,Partial,Partial,Partial,Partial,Partial,Partial,Partial,N,Partial,CWA,,Partial,Partial,NotSpecified,NotProvided,NotSpecified,No,NotSpecified,NotSpecified,NotSpecified,NotSpecified,Medium,1,0,NotSpecified
S064,"Aluç, Güneş; Özsu, M. Tamer; Daudjee, Khuzaima; Hartig, Olaf",Executing queries over schemaless RDF databases,2015.0,Proceedings - International Conference on Data Engineering,Conference paper,10.1109/icde.2015.7113335,https://doi.org/10.1109/icde.2015.7113335,,Scopus,B-Constraints,RDFConstraints,RDF,RDFConstraints,Y,Y,Y,Y,Partial,Partial,Partial,N,N,Y,CWA,,NotSpecified,NotSpecified,NotSpecified,NotProvided,NativeConstraints,No,NotSpecified,NotSpecified,NotSpecified,NotSpecified,Medium,1,0,NotSpecified
S065,Renzo Angles; Angela Bonifati; Stefania Dumbrava; George Fletcher; et al.,PG-Schema: Schemas for Property Graphs,2023.0,"Proceedings of the ACM on Management of Data (PACMMOD), Vol. 1, Iss. 2",research-article,10.1145/3589778,https://doi.org/10.1145/3589778,ACM,ACM,B-Constraints,PG-Schema,PG,PG-Schema,Y,Y,Y,Y,Partial,Partial,Partial,N,N,Y,CWA,,NotSpecified,NotSpecified,NotSpecified,NotProvided,NotSpecified,No,NotSpecified,NotSpecified,NotSpecified,NotSpecified,Medium,1,0,NotSpecified
S066,Kasidis Chantharojwong; Sourav S. Bhowmick; Byron Choi,LICS: Towards Theory-Informed Effective Visual Abstraction of Property Graph Schemas,2025.0,"Proceedings of the ACM on Management of Data (PACMMOD), Vol. 3, Iss. 3",research-article,10.1145/3725410,https://doi.org/10.1145/3725410,ACM,ACM,B-Constraints,PG-Schema,PG,PG-Schema,Y,Y,Y,Y,Partial,Partial,Partial,N,N,Y,CWA,,NotSpecified,NotSpecified,NotSpecified,NotProvided,NotSpecified,No,NotApplicable,NotSpecified,NotSpecified,NotSpecified,Medium,2,0,NotSpecified
S067,Kashif Rabbani; Matteo Lissandrini; Angela Bonifati; Katja Hose,Transforming RDF Graphs to Property Graphs using Standardized Schemas,2024.0,"Proceedings of the ACM on Management of Data (PACMMOD), Volume 2, Issue 6",research-article,10.1145/3698817,https://doi.org/10.1145/3698817,ACM,ACM,B-Constraints,GraphSchema,PG/GraphDB,GraphSchema,Y,Y,Y,Y,Partial,Partial,Partial,N,N,Y,CWA,,NotSpecified,NotSpecified,NotSpecified,NotProvided,NotSpecified,No,NotSpecified,NotSpecified,NotSpecified,NotSpecified,Medium,1,0,NotSpecified
S068,"Shqiponja Ahmetaj, Bianca Löhnert, Magdalena Ortiz, Mantas Simkus",Magic Shapes for SHACL Validation,2022.0,Proc. VLDB Endow. 15(10): 2284–2296 (2022),,,,,DBLP,B-Shapes,SHACL,RDF,SHACL,Y,Partial,Y,Y,Y,Partial,Partial,Y,Partial,Partial,Mixed,Partial,Partial,Partial,Yes,NotProvided,NotSpecified,No,NotSpecified,NotSpecified,NotSpecified,NotSpecified,Low,1,0,NotSpecified
S069,"Anouk Oudshoorn, Magdalena Ortiz, Mantas Simkus",Reasoning with the Core Chase: the Case of SHACL Validation over ELHI Knowledge Bases,2024.0,Description Logics 2024,,,,,DBLP,B-Shapes,SHACL,RDF,SHACL,Y,Partial,Y,Y,Y,Partial,Partial,Y,Partial,Partial,Mixed,Partial,Partial,Partial,Yes,NotProvided,Hybrid,No,NotSpecified,NotSpecified,NotSpecified,NotSpecified,Low,1,0,NotSpecified
S070,"Shqiponja Ahmetaj, George Konstantinidis, Magdalena Ortiz, Paolo Pareti, Mantas Simkus",SHACL Validation Under Graph Updates,2025.0,ISWC 2025: 140–157,,,,,DBLP,B-Shapes,SHACL,RDF,SHACL,Y,Partial,Y,Y,Y,Partial,Partial,Y,Partial,Partial,Mixed,Partial,Partial,Partial,Yes,NotProvided,NotSpecified,No,NotSpecified,NotSpecified,NotSpecified,NotSpecified,Low,1,0,NotSpecified
S072,"Medina Andresel, Julien Corman, Magdalena Ortiz, Juan L. Reutter, Ognjen Savkovic, Mantas Simkus",Stable Model Semantics for Recursive SHACL,2020.0,WWW 2020: 1570–1580,,,,,DBLP,B-Shapes,SHACL,RDF,SHACL,Y,Partial,Y,Y,Y,Partial,Partial,Y,Y,Partial,Mixed,Partial,Yes,Partial,Partial,NotProvided,NotSpecified,No,NotApplicable,NotSpecified,NotSpecified,NotSpecified,Low,1,0,NotSpecified
S074,"Paolo Pareti, George Konstantinidis, Fabio Mogavero",Satisfiability and containment of recursive SHACL,2022.0,J. Web Semant. 74: 100721 (2022),,,,,DBLP,B-Shapes,SHACL,RDF,SHACL,Y,Partial,Y,Y,Y,Partial,Partial,Y,Y,Partial,Mixed,Partial,Partial,Partial,Partial,NotProvided,NotSpecified,No,NotSpecified,NotSpecified,NotSpecified,NotSpecified,Low,0,0,NotSpecified
S075,"Jorge Alvarez‑Fidalgo, José Emilio Labra Gayo",A dual approach to ShEx visualization with complexity management,2023.0,CoRR abs/2305.08560 (2023),,,,,DBLP,B-Shapes,ShEx,RDF,ShEx,Y,Partial,Y,Y,Y,N,N,N,Y,Partial,CWA,Partial,Yes,Yes,Partial,NotProvided,NotSpecified,No,NotApplicable,NotSpecified,NotSpecified,NotSpecified,Low,1,0,NotSpecified
S076,"Slawek Staworko, Iovka Boneva, José Emilio Labra Gayo, Samuel Hym, Eric Prud’hommeaux, Harold R. Solbrig",Complexity and Expressiveness of ShEx for RDF,2015.0,ICDT 2015: 195–211,,,,,DBLP,B-Shapes,ShEx,RDF,ShEx,Y,Partial,Y,Y,Y,N,N,N,Y,Partial,CWA,Partial,Yes,Yes,Partial,NotProvided,NotSpecified,No,NotApplicable,NotSpecified,NotSpecified,NotSpecified,Low,1,0,NotSpecified
S077,"Olaf Hartig, Jan Hidders",Defining Schemas for Property Graphs by using the GraphQL Schema Definition Language,2019.0,GRADES/NDA@SIGMOD/PODS 2019: 6:1–6:11,,,,,DBLP,Reference-GraphQL,GraphQL,GraphQL,GraphQL,Partial,Partial,Partial,Partial,Partial,N,N,N,Partial,N,NotApplicable,,Partial,Partial,Yes,NotProvided,NotApplicable,No,NotSpecified,NotSpecified,NotSpecified,NotSpecified,Low,1,0,NotSpecified
S081,"Rana Alotaibi, Chuan Lei, Abdul Quamar, Vasilis Efthymiou, Fatma Özcan",Property Graph Schema Optimization for Domain-Specific Knowledge Graphs,2021.0,ICDE 2021: 924–935,,,,,DBLP,B-Constraints,PG-Schema,PG,PG-Schema,Y,Y,Y,Y,Partial,Partial,Partial,N,N,Y,CWA,,NotSpecified,NotSpecified,NotSpecified,NotProvided,NotSpecified,No,NotSpecified,NotSpecified,NotSpecified,NotSpecified,Low,1,0,NotSpecified
S082,"Nimo Beeren, George Fletcher",A Formal Design Framework for Practical Property Graph Schema Languages,2023.0,EDBT 2023: 478–484,,,,,DBLP,B-Constraints,PG-Schema,PG,PG-Schema,Y,Y,Y,Y,Partial,Partial,Partial,N,N,Y,CWA,,NotSpecified,NotSpecified,Partial,Prototype,NotSpecified,Yes,Demo,NotSpecified,NotSpecified,NotSpecified,Low,2,2,NotSpecified
S087,"Wenfei Fan, Chunming Hu, Xueli Liu, Ping Lu",Discovering Graph Functional Dependencies,2020.0,ACM Trans. Database Syst. 45(3): 15:1–15:42 (2020),,,,,DBLP,C-Dependencies,GFD/FD,GeneralGraph/PG,GFD/FD,Partial,Partial,Partial,Partial,Partial,Y,Partial,Partial,N,Partial,CWA,,Yes,Partial,NotSpecified,NotProvided,NotSpecified,No,NotSpecified,NotSpecified,NotSpecified,NotSpecified,Low,1,0,NotSpecified
S088,"Wenfei Fan, Xueli Liu, Yingjie Cao",Parallel Reasoning of Graph Functional Dependencies,2018.0,ICDE 2018,,,,,DBLP,C-Dependencies,GFD/FD,GeneralGraph/PG,GFD/FD,Partial,Partial,Partial,Partial,Partial,Y,Partial,Partial,N,Partial,CWA,,Yes,Partial,NotSpecified,NotProvided,NotSpecified,No,NotSpecified,NotSpecified,NotSpecified,NotSpecified,Low,1,0,NotSpecified
S089,"Wenfei Fan, Ping Lu",Dependencies for Graphs,2017.0,PODS 2017: 403–416,,,,,DBLP,C-Dependencies,GraphDependencies,GeneralGraph/PG,GraphDependencies,Partial,Partial,Partial,Partial,Partial,Partial,Partial,Y,N,Partial,CWA,,Yes,Partial,NotSpecified,NotProvided,NotSpecified,No,NotSpecified,NotSpecified,NotSpecified,NotSpecified,Low,1,0,NotSpecified
S090,Wenfei Fan,Dependencies for Graphs: Challenges and Opportunities,2019.0,J. Data Inform. Quality 2019,,,,,DBLP,C-Dependencies,GraphDependencies,GeneralGraph/PG,GraphDependencies,Partial,Partial,Partial,Partial,Partial,Partial,Partial,Y,N,Partial,CWA,,Yes,Partial,NotSpecified,NotProvided,NotSpecified,No,NotSpecified,NotSpecified,NotSpecified,NotSpecified,Low,1,0,NotSpecified
S094,"Larissa Capobianco Shimomura, Nikolay Yakovets, George Fletcher",GGDMiner – Discovery of Graph Generating Dependencies for Graph Data Profiling,2024.0,CoRR abs/2403.17082 (2024),,,,,DBLP,C-Dependencies,GGDs,GeneralGraph/PG,GGDs,Partial,Partial,Partial,Partial,Partial,Partial,Partial,Y,N,Partial,CWA,,Yes,Partial,NotSpecified,NotProvided,NotSpecified,No,NotSpecified,NotSpecified,NotSpecified,NotSpecified,Low,1,0,NotSpecified
S095,"Larissa Capobianco Shimomura, George H. L. Fletcher, Nikolay Yakovets",ProGGD – Data Profiling on Knowledge Graphs using Graph Generating Dependencies,2023.0,ISWC (Posters/Demos/Industry) 2023,,,,,DBLP,C-Dependencies,GGDs,GeneralGraph/PG,GGDs,Partial,Partial,Partial,Partial,Partial,Partial,Partial,Y,N,Partial,CWA,,Yes,Partial,NotSpecified,NotProvided,NotSpecified,No,NotSpecified,NotSpecified,NotSpecified,NotSpecified,Low,1,0,NotSpecified
